{
  "overall_acc": 0.8905982905982905,
  "per_class_acc": {
    "ascending": 0.926829268292683,
    "descending": 0.8214285714285714,
    "lyingBack": 0.9622641509433962,
    "lyingLeft": 0.9302325581395349,
    "lyingRight": 0.9555555555555556,
    "lyingStomach": 0.98,
    "miscMovement": 0.782608695652174,
    "normalWalking": 0.88,
    "running": 0.9056603773584906,
    "shuffleWalking": 0.7090909090909091,
    "sittingStanding": 0.9090909090909091
  },
  "classes": [
    "ascending",
    "descending",
    "lyingBack",
    "lyingLeft",
    "lyingRight",
    "lyingStomach",
    "miscMovement",
    "normalWalking",
    "running",
    "shuffleWalking",
    "sittingStanding"
  ],
  "confusion": [
    [
      38,
      0,
      0,
      0,
      0,
      0,
      0,
      2,
      0,
      1,
      0
    ],
    [
      0,
      23,
      0,
      0,
      0,
      0,
      0,
      1,
      0,
      4,
      0
    ],
    [
      0,
      0,
      51,
      0,
      1,
      0,
      0,
      1,
      0,
      0,
      0
    ],
    [
      0,
      0,
      1,
      40,
      0,
      1,
      0,
      0,
      0,
      0,
      1
    ],
    [
      0,
      0,
      0,
      0,
      43,
      1,
      0,
      0,
      0,
      0,
      1
    ],
    [
      0,
      0,
      0,
      0,
      0,
      49,
      0,
      1,
      0,
      0,
      0
    ],
    [
      2,
      0,
      0,
      0,
      0,
      0,
      36,
      0,
      0,
      3,
      5
    ],
    [
      1,
      0,
      0,
      0,
      0,
      0,
      0,
      44,
      0,
      4,
      1
    ],
    [
      0,
      1,
      0,
      0,
      0,
      0,
      0,
      0,
      48,
      4,
      0
    ],
    [
      0,
      0,
      0,
      0,
      0,
      0,
      4,
      7,
      0,
      39,
      5
    ],
    [
      0,
      0,
      3,
      0,
      4,
      1,
      3,
      0,
      0,
      0,
      110
    ]
  ]
}