{
  "mu": [
    -0.0249170009046793,
    -0.6640318632125854,
    0.018676187843084335
  ],
  "sigma": [
    0.4277770221233368,
    0.523755669593811,
    0.484108567237854
  ],
  "window_size": 128,
  "feat_channels": 3
}